,num_acc_by_area,grav_mean
0,0.0,0.0
1,0.0,0.0
2,0.0,0.0
3,0.0,4.0
4,0.0,0.0
5,0.0,0.0
6,0.0,0.0
7,0.0,0.0
8,0.0,0.0
9,0.0,0.0
10,1.0,2.5
11,0.0,0.0
12,4.0,3.25
13,8.0,3.5555555555555554
14,5.0,3.1666666666666665
15,0.0,0.0
16,1.0,0.0
17,1.0,2.5
18,0.0,0.0
19,0.0,0.0
20,0.0,0.0
21,0.0,0.0
22,0.0,0.0
23,1.0,4.0
24,0.0,0.0
25,0.0,0.0
26,0.0,0.0
27,0.0,0.0
28,0.0,4.0
29,0.0,0.0
30,0.0,0.0
31,0.0,0.0
32,0.0,0.0
33,1.0,4.0
34,1.0,4.0
35,0.0,0.0
36,0.0,0.0
37,0.0,0.0
38,2.0,4.0
39,2.0,3.3333333333333335
40,3.0,4.0
41,5.0,3.5
42,1.0,1.0
43,10.0,3.3636363636363638
44,8.0,3.25
45,0.0,4.0
46,0.0,0.0
47,0.0,0.0
48,0.0,4.0
49,0.0,0.0
50,0.0,0.0
51,0.0,4.0
52,0.0,0.0
53,0.0,0.0
54,0.0,4.0
55,0.0,4.0
56,0.0,4.0
57,0.0,0.0
58,0.0,0.0
59,0.0,0.0
60,0.0,0.0
61,0.0,0.0
62,1.0,4.0
63,0.0,0.0
64,0.0,0.0
65,0.0,4.0
66,0.0,0.0
67,0.0,0.0
68,0.0,0.0
69,0.0,0.0
70,0.0,0.0
71,0.0,4.0
72,0.0,0.0
73,0.0,0.0
74,0.0,0.0
75,0.0,0.0
76,0.0,0.0
77,0.0,0.0
78,0.0,0.0
79,0.0,0.0
80,0.0,0.0
81,5.0,3.8333333333333335
82,0.0,0.0
83,0.0,4.0
84,0.0,0.0
85,0.0,0.0
86,0.0,0.0
87,0.0,0.0
88,0.0,0.0
89,1.0,0.0
90,0.0,0.0
91,0.0,0.0
92,0.0,0.0
93,0.0,0.0
94,0.0,0.0
95,0.0,0.0
96,0.0,3.0
97,0.0,0.0
98,0.0,0.0
99,0.0,4.0
100,1.0,4.0
101,0.0,0.0
102,0.0,0.0
103,0.0,0.0
104,0.0,0.0
105,0.0,0.0
106,0.0,0.0
107,0.0,0.0
108,0.0,0.0
109,0.0,0.0
110,0.0,0.0
111,0.0,0.0
112,0.0,0.0
113,0.0,0.0
114,0.0,0.0
115,0.0,0.0
116,0.0,0.0
117,0.0,0.0
118,0.0,0.0
119,0.0,4.0
120,0.0,0.0
121,0.0,0.0
122,0.0,0.0
123,0.0,0.0
124,0.0,0.0
125,1.0,4.0
126,0.0,4.0
127,1.0,4.0
128,0.0,0.0
129,0.0,4.0
130,0.0,0.0
131,0.0,0.0
132,0.0,0.0
133,0.0,0.0
134,0.0,0.0
135,0.0,4.0
136,0.0,0.0
137,0.0,0.0
138,0.0,0.0
139,0.0,0.0
140,0.0,0.0
141,0.0,0.0
142,0.0,0.0
143,0.0,4.0
144,0.0,0.0
145,0.0,0.0
146,6.0,3.5714285714285716
147,1.0,4.0
148,0.0,0.0
149,0.0,0.0
150,3.0,2.5
151,3.0,4.0
152,0.0,0.0
153,0.0,0.0
154,0.0,0.0
155,0.0,0.0
156,2.0,3.0
157,0.0,0.0
158,0.0,0.0
159,0.0,0.0
160,0.0,0.0
161,0.0,0.0
162,0.0,0.0
163,0.0,0.0
164,0.0,0.0
165,0.0,0.0
166,0.0,0.0
167,0.0,0.0
168,0.0,0.0
169,0.0,4.0
170,0.0,0.0
171,0.0,0.0
172,1.0,4.0
173,0.0,0.0
174,0.0,0.0
175,0.0,1.0
176,0.0,0.0
177,0.0,0.0
178,0.0,4.0
179,0.0,0.0
180,0.0,0.0
181,0.0,0.0
182,0.0,0.0
183,0.0,0.0
184,0.0,4.0
185,0.0,0.0
186,0.0,0.0
187,0.0,0.0
188,0.0,0.0
189,0.0,0.0
190,1.0,4.0
191,1.0,4.0
192,1.0,2.5
193,0.0,0.0
194,0.0,0.0
195,0.0,0.0
196,0.0,0.0
197,0.0,1.0
198,0.0,0.0
199,2.0,3.0
200,0.0,4.0
201,0.0,0.0
202,0.0,4.0
203,0.0,0.0
204,0.0,0.0
205,2.0,4.0
206,1.0,4.0
207,0.0,0.0
208,1.0,4.0
209,0.0,0.0
210,0.0,0.0
211,0.0,0.0
212,0.0,0.0
213,4.0,4.0
214,1.0,4.0
215,0.0,0.0
216,0.0,0.0
217,0.0,4.0
218,2.0,2.6666666666666665
219,0.0,0.0
220,1.0,2.5
221,0.0,1.0
222,0.0,4.0
223,0.0,4.0
224,3.0,3.25
225,0.0,0.0
226,1.0,4.0
227,0.0,0.0
228,0.0,3.0
229,0.0,0.0
230,0.0,0.0
231,0.0,0.0
232,0.0,0.0
233,1.0,4.0
234,0.0,4.0
235,0.0,4.0
236,0.0,0.0
237,1.0,2.0
238,1.0,0.0
239,0.0,4.0
240,0.0,0.0
241,0.0,0.0
242,0.0,0.0
243,3.0,4.0
244,0.0,0.0
245,0.0,0.0
246,0.0,0.0
247,0.0,0.0
248,0.0,0.0
249,0.0,0.0
250,0.0,0.0
251,0.0,0.0
252,2.0,4.0
253,3.0,4.0
254,1.0,2.5
255,0.0,0.0
256,0.0,0.0
257,0.0,0.0
258,3.0,3.0
259,0.0,0.0
260,0.0,0.0
261,2.0,3.5
262,0.0,4.0
263,0.0,0.0
264,0.0,0.0
265,0.0,0.0
266,6.0,3.142857142857143
267,0.0,0.0
268,0.0,0.0
269,1.0,4.0
270,0.0,0.0
271,0.0,4.0
272,1.0,4.0
273,1.0,4.0
274,1.0,1.0
275,1.0,2.5
276,1.0,2.5
277,0.0,1.0
278,0.0,0.0
279,0.0,4.0
280,0.0,0.0
281,4.0,4.0
282,0.0,0.0
283,0.0,0.0
284,0.0,0.0
285,2.0,3.0
286,1.0,4.0
287,4.0,3.75
288,0.0,0.0
289,0.0,0.0
290,1.0,4.0
291,0.0,0.0
292,0.0,4.0
293,0.0,4.0
294,0.0,4.0
295,0.0,0.0
296,1.0,4.0
297,0.0,0.0
298,1.0,4.0
299,0.0,0.0
300,2.0,3.0
301,2.0,3.0
302,0.0,0.0
303,0.0,0.0
304,0.0,1.0
305,0.0,0.0
306,0.0,0.0
307,0.0,0.0
308,2.0,4.0
309,0.0,0.0
310,0.0,1.0
311,0.0,0.0
312,0.0,4.0
313,7.0,4.0
314,0.0,0.0
315,1.0,2.5
316,0.0,4.0
317,0.0,0.0
318,0.0,0.0
319,0.0,0.0
320,0.0,1.0
321,0.0,0.0
322,0.0,4.0
323,0.0,4.0
324,6.0,4.0
325,0.0,4.0
326,5.0,4.0
327,0.0,4.0
328,3.0,3.25
329,0.0,4.0
330,0.0,1.0
331,5.0,4.0
332,1.0,2.5
333,0.0,0.0
334,2.0,3.0
335,0.0,3.0
336,0.0,0.0
337,0.0,0.0
338,4.0,4.0
339,5.0,2.5
340,2.0,4.0
341,0.0,0.0
342,2.0,3.0
343,0.0,4.0
344,0.0,0.0
345,2.0,4.0
346,0.0,4.0
347,1.0,4.0
348,11.0,3.3636363636363638
349,0.0,4.0
350,0.0,0.0
351,2.0,4.0
352,0.0,0.0
353,0.0,0.0
354,0.0,4.0
355,2.0,4.0
356,1.0,4.0
357,1.0,2.5
358,0.0,4.0
359,0.0,4.0
360,0.0,0.0
361,0.0,0.0
362,13.0,3.7857142857142856
363,5.0,3.4
364,2.0,4.0
365,2.0,4.0
366,0.0,4.0
367,0.0,0.0
368,0.0,0.0
369,14.0,3.076923076923077
370,0.0,4.0
371,2.0,4.0
372,0.0,0.0
373,0.0,0.0
374,0.0,0.0
375,0.0,0.0
376,0.0,0.0
377,0.0,0.0
378,0.0,0.0
379,0.0,0.0
380,0.0,0.0
381,0.0,4.0
382,0.0,0.0
383,2.0,2.6666666666666665
384,0.0,0.0
385,1.0,4.0
386,0.0,0.0
387,0.0,0.0
388,0.0,0.0
389,0.0,0.0
390,0.0,0.0
391,3.0,3.0
392,0.0,0.0
393,0.0,0.0
394,2.0,4.0
395,1.0,0.0
396,0.0,0.0
397,0.0,0.0
398,0.0,4.0
399,0.0,0.0
400,0.0,0.0
401,0.0,0.0
402,0.0,4.0
403,1.0,4.0
404,0.0,0.0
405,0.0,0.0
406,1.0,4.0
407,4.0,4.0
408,0.0,0.0
409,0.0,0.0
410,1.0,4.0
411,4.0,4.0
412,2.0,4.0
413,2.0,3.0
414,0.0,0.0
415,2.0,3.0
416,6.0,3.5714285714285716
417,0.0,4.0
418,0.0,1.0
419,0.0,0.0
420,0.0,4.0
421,0.0,0.0
422,0.0,0.0
423,2.0,3.0
424,2.0,3.0
425,0.0,0.0
426,0.0,0.0
427,2.0,4.0
428,2.0,4.0
429,1.0,4.0
430,0.0,1.0
431,0.0,4.0
432,1.0,4.0
433,2.0,4.0
434,3.0,4.0
435,0.0,0.0
436,1.0,2.5
437,0.0,0.0
438,0.0,0.0
439,4.0,3.4
440,0.0,4.0
441,0.0,0.0
442,0.0,0.0
443,8.0,4.0
444,4.0,4.0
445,1.0,4.0
446,4.0,3.4
447,2.0,3.6666666666666665
448,3.0,3.25
449,0.0,4.0
450,3.0,3.25
451,0.0,0.0
452,0.0,0.0
453,4.0,4.0
454,2.0,3.0
455,0.0,4.0
456,0.0,4.0
457,3.0,4.0
458,0.0,0.0
459,1.0,4.0
460,2.0,3.0
461,7.0,3.625
462,0.0,0.0
463,1.0,4.0
464,4.0,4.0
465,5.0,2.5
466,0.0,4.0
467,1.0,4.0
468,9.0,3.5
469,0.0,4.0
470,0.0,4.0
471,0.0,0.0
472,1.0,4.0
473,1.0,4.0
474,1.0,2.5
475,0.0,4.0
476,0.0,4.0
477,3.0,3.25
478,5.0,3.4
479,0.0,0.0
480,5.0,3.4
481,0.0,0.0
482,2.0,4.0
483,0.0,0.0
484,0.0,4.0
485,1.0,4.0
486,2.0,4.0
487,0.0,4.0
488,0.0,0.0
489,0.0,1.0
490,1.0,4.0
491,1.0,4.0
492,0.0,0.0
493,1.0,4.0
494,2.0,3.0
495,0.0,0.0
496,0.0,0.0
497,0.0,0.0
498,1.0,2.0
499,0.0,0.0
500,8.0,3.3333333333333335
501,1.0,4.0
502,3.0,3.75
503,0.0,4.0
504,2.0,2.0
505,0.0,1.0
506,5.0,3.8333333333333335
507,1.0,4.0
508,0.0,0.0
509,0.0,0.0
510,0.0,4.0
511,5.0,3.0
512,0.0,0.0
513,2.0,2.6666666666666665
514,3.0,4.0
515,0.0,4.0
516,3.0,4.0
517,1.0,2.5
518,0.0,4.0
519,2.0,4.0
520,1.0,2.5
521,0.0,4.0
522,2.0,4.0
523,2.0,3.0
524,1.0,4.0
525,3.0,4.0
526,2.0,3.0
527,0.0,0.0
528,1.0,4.0
529,0.0,0.0
530,3.0,2.5
531,3.0,4.0
532,4.0,4.0
533,0.0,1.0
534,1.0,4.0
535,0.0,0.0
536,4.0,3.4
537,1.0,4.0
538,1.0,2.5
539,5.0,3.5
540,0.0,0.0
541,0.0,4.0
542,0.0,0.0
543,0.0,0.0
544,0.0,4.0
545,1.0,4.0
546,0.0,4.0
547,0.0,0.0
548,1.0,2.0
549,0.0,1.0
550,0.0,0.0
551,3.0,3.75
552,0.0,0.0
553,3.0,3.75
554,0.0,0.0
555,0.0,0.0
556,0.0,0.0
557,3.0,4.0
558,0.0,4.0
559,0.0,0.0
560,2.0,3.0
561,1.0,2.5
562,2.0,4.0
563,10.0,4.0
564,0.0,4.0
565,1.0,4.0
566,1.0,4.0
567,1.0,4.0
568,0.0,4.0
569,0.0,1.0
570,13.0,3.75
571,1.0,4.0
572,4.0,2.5
573,0.0,0.0
574,9.0,3.5555555555555554
575,4.0,3.8
576,0.0,4.0
577,10.0,3.4545454545454546
578,3.0,3.25
579,7.0,4.0
580,0.0,0.0
581,0.0,0.0
582,5.0,4.0
583,0.0,0.0
584,0.0,0.0
585,0.0,0.0
586,0.0,0.0
587,0.0,0.0
588,2.0,4.0
589,6.0,3.857142857142857
590,2.0,3.0
591,0.0,0.0
592,0.0,0.0
593,1.0,4.0
594,0.0,4.0
595,2.0,4.0
596,0.0,4.0
597,0.0,4.0
598,0.0,4.0
599,1.0,0.0
600,2.0,4.0
601,1.0,4.0
602,0.0,4.0
603,0.0,0.0
604,3.0,4.0
605,4.0,3.8
606,2.0,3.0
607,1.0,4.0
608,13.0,3.7857142857142856
609,5.0,3.4
610,3.0,4.0
611,3.0,4.0
612,0.0,1.0
613,1.0,2.5
614,1.0,4.0
615,1.0,4.0
616,0.0,0.0
617,3.0,3.0
618,2.0,4.0
619,0.0,4.0
620,1.0,4.0
621,5.0,4.0
622,2.0,4.0
623,0.0,4.0
624,0.0,4.0
625,1.0,4.0
626,6.0,4.0
627,1.0,4.0
628,0.0,0.0
629,0.0,0.0
630,0.0,4.0
631,2.0,4.0
632,2.0,4.0
633,0.0,1.0
634,0.0,1.0
635,1.0,4.0
636,2.0,4.0
637,1.0,3.0
638,2.0,4.0
639,0.0,0.0
640,3.0,4.0
641,0.0,0.0
642,5.0,3.5
643,0.0,0.0
644,1.0,4.0
645,1.0,0.0
646,0.0,0.0
647,0.0,0.0
648,0.0,0.0
649,2.0,4.0
650,4.0,3.75
651,2.0,4.0
652,0.0,0.0
653,0.0,4.0
654,0.0,0.0
655,0.0,4.0
656,0.0,0.0
657,0.0,0.0
658,3.0,3.6666666666666665
659,0.0,4.0
660,0.0,1.0
661,0.0,0.0
662,0.0,0.0
663,0.0,0.0
664,4.0,3.4
665,2.0,3.6666666666666665
666,0.0,0.0
667,7.0,3.25
668,1.0,2.5
669,2.0,4.0
670,0.0,1.0
671,2.0,3.0
672,0.0,0.0
673,1.0,4.0
674,3.0,3.0
675,0.0,0.0
676,0.0,0.0
677,2.0,4.0
678,0.0,0.0
679,3.0,4.0
680,0.0,0.0
681,1.0,4.0
682,1.0,2.5
683,1.0,4.0
684,0.0,1.0
685,0.0,0.0
686,6.0,2.5714285714285716
687,0.0,4.0
688,0.0,0.0
689,0.0,0.0
690,5.0,4.0
691,4.0,3.25
692,0.0,4.0
693,0.0,0.0
694,0.0,4.0
695,0.0,4.0
696,5.0,4.0
697,1.0,3.5
698,1.0,4.0
699,5.0,3.0
700,3.0,4.0
701,0.0,0.0
702,0.0,4.0
703,3.0,4.0
704,0.0,0.0
705,5.0,3.4
706,4.0,3.4
707,5.0,2.5
708,0.0,4.0
709,1.0,3.5
710,2.0,4.0
711,0.0,0.0
712,0.0,0.0
713,0.0,0.0
714,0.0,0.0
715,8.0,3.5714285714285716
716,0.0,0.0
717,2.0,3.6666666666666665
718,4.0,4.0
719,0.0,0.0
720,0.0,0.0
721,5.0,2.5
722,5.0,3.4
723,11.0,3.3636363636363638
724,0.0,4.0
725,2.0,3.0
726,0.0,0.0
727,3.0,4.0
728,1.0,2.5
729,1.0,4.0
730,0.0,0.0
731,0.0,0.0
732,2.0,3.0
733,0.0,4.0
734,2.0,4.0
735,0.0,4.0
736,0.0,0.0
737,0.0,0.0
738,0.0,4.0
739,2.0,3.0
740,7.0,4.0
741,14.0,3.076923076923077
742,0.0,1.0
743,1.0,4.0
744,0.0,0.0
745,0.0,0.0
746,0.0,0.0
747,0.0,4.0
748,5.0,4.0
749,0.0,0.0
750,0.0,0.0
751,2.0,4.0
752,0.0,4.0
753,0.0,1.0
754,0.0,4.0
755,1.0,4.0
756,3.0,3.25
757,0.0,4.0
758,0.0,0.0
759,0.0,4.0
760,3.0,4.0
761,2.0,3.5
762,4.0,3.0
763,1.0,4.0
764,0.0,0.0
765,13.0,3.4285714285714284
766,0.0,0.0
767,0.0,0.0
768,1.0,4.0
769,0.0,4.0
770,0.0,0.0
771,0.0,4.0
772,1.0,4.0
773,6.0,3.5
774,0.0,4.0
775,1.0,4.0
776,3.0,3.25
777,0.0,0.0
778,5.0,3.0
779,5.0,3.4
780,0.0,0.0
781,5.0,4.0
782,8.0,3.625
783,13.0,3.142857142857143
784,13.0,3.75
785,0.0,0.0
786,0.0,0.0
787,0.0,0.0
788,0.0,3.0
789,0.0,4.0
790,0.0,0.0
791,1.0,4.0
792,0.0,4.0
793,0.0,1.0
794,0.0,0.0
795,0.0,0.0
796,1.0,2.5
797,0.0,4.0
798,3.0,4.0
799,0.0,3.0
800,19.0,3.4444444444444446
801,2.0,4.0
802,2.0,4.0
803,0.0,4.0
804,0.0,0.0
805,2.0,4.0
806,3.0,3.25
807,4.0,3.6
808,1.0,2.5
809,1.0,4.0
810,4.0,4.0
811,5.0,3.8
812,0.0,4.0
813,4.0,2.8
814,7.0,3.5
815,0.0,0.0
816,0.0,4.0
817,4.0,2.25
818,7.0,4.0
819,2.0,3.0
820,0.0,0.0
821,8.0,3.25
822,5.0,2.8
823,7.0,3.875
824,13.0,3.7857142857142856
825,5.0,3.4
826,0.0,4.0
827,0.0,0.0
828,0.0,0.0
829,0.0,0.0
830,3.0,3.0
831,2.0,4.0
832,14.0,3.076923076923077
833,0.0,4.0
834,2.0,4.0
835,2.0,4.0
836,3.0,3.25
837,5.0,3.5
838,1.0,4.0
839,1.0,4.0
840,5.0,4.0
841,3.0,4.0
842,0.0,0.0
843,0.0,0.0
844,3.0,4.0
845,0.0,4.0
846,0.0,4.0
847,2.0,4.0
848,0.0,1.0
849,0.0,4.0
850,3.0,4.0
851,0.0,0.0
852,4.0,3.4
853,0.0,4.0
854,2.0,3.0
855,0.0,0.0
856,3.0,4.0
857,13.0,3.4285714285714284
858,4.0,2.8
859,3.0,4.0
860,2.0,4.0
861,4.0,3.4
862,0.0,0.0
863,3.0,4.0
864,0.0,4.0
865,2.0,4.0
866,0.0,4.0
867,0.0,0.0
868,0.0,4.0
869,2.0,4.0
870,0.0,0.0
871,0.0,4.0
872,0.0,0.0
873,0.0,4.0
874,3.0,3.6666666666666665
875,13.0,3.142857142857143
876,6.0,4.0
877,12.0,4.0
878,1.0,4.0
879,0.0,4.0
880,3.0,2.75
881,0.0,0.0
882,1.0,3.5
883,7.0,3.25
884,0.0,4.0
885,0.0,4.0
886,0.0,0.0
887,0.0,0.0
888,4.0,4.0
889,7.0,4.0
890,1.0,4.0
891,0.0,0.0
892,2.0,4.0
893,19.0,3.4444444444444446
894,16.0,3.9285714285714284
895,0.0,4.0
896,0.0,4.0
897,1.0,4.0
898,2.0,4.0
899,1.0,4.0
900,0.0,4.0
901,0.0,4.0
902,6.0,2.5714285714285716
903,4.0,3.8
904,15.0,3.6666666666666665
905,3.0,3.75
906,1.0,2.5
907,0.0,0.0
908,1.0,1.0
909,4.0,3.6
910,2.0,3.0
911,0.0,4.0
912,5.0,4.0
913,3.0,4.0
914,0.0,4.0
915,2.0,3.0
916,6.0,4.0
917,2.0,4.0
918,5.0,3.5
919,5.0,3.4
920,1.0,4.0
921,8.0,3.5714285714285716
922,0.0,0.0
923,0.0,0.0
924,2.0,4.0
925,2.0,3.0
926,0.0,0.0
927,0.0,0.0
928,1.0,2.5
929,1.0,4.0
930,0.0,0.0
931,0.0,0.0
932,0.0,1.0
933,0.0,4.0
934,1.0,4.0
935,0.0,4.0
936,0.0,3.0
937,1.0,2.5
938,0.0,0.0
939,3.0,4.0
940,3.0,3.75
941,0.0,0.0
942,0.0,4.0
943,1.0,4.0
944,0.0,0.0
945,1.0,1.0
946,0.0,4.0
947,2.0,3.0
948,1.0,2.5
949,0.0,0.0
950,0.0,0.0
951,2.0,4.0
952,0.0,0.0
953,0.0,0.0
954,2.0,2.5
955,1.0,2.5
956,0.0,1.0
957,1.0,4.0
958,1.0,4.0
959,0.0,0.0
960,1.0,4.0
961,3.0,4.0
962,0.0,4.0
963,1.0,4.0
964,0.0,4.0
965,0.0,4.0
966,0.0,4.0
967,3.0,4.0
968,1.0,4.0
969,4.0,2.5
970,0.0,4.0
971,8.0,3.25
972,0.0,1.0
973,0.0,0.0
974,5.0,4.0
975,1.0,4.0
976,0.0,0.0
977,1.0,4.0
978,3.0,3.75
979,4.0,3.8
980,0.0,4.0
981,1.0,4.0
982,0.0,0.0
983,8.0,3.4285714285714284
984,1.0,4.0
985,7.0,4.0
986,0.0,0.0
987,0.0,4.0
988,0.0,0.0
989,1.0,2.5
990,0.0,0.0
991,3.0,4.0
992,3.0,3.25
993,0.0,0.0
994,0.0,0.0
995,3.0,4.0
996,0.0,0.0
997,0.0,4.0
998,4.0,2.8
999,5.0,3.4
1000,0.0,0.0
1001,2.0,2.0
1002,0.0,0.0
1003,1.0,4.0
1004,5.0,3.5
1005,0.0,0.0
1006,0.0,0.0
1007,3.0,4.0
1008,0.0,4.0
1009,0.0,4.0
1010,0.0,4.0
1011,0.0,4.0
1012,6.0,3.5714285714285716
1013,4.0,3.8
1014,1.0,4.0
1015,0.0,4.0
1016,2.0,4.0
1017,0.0,0.0
1018,0.0,0.0
1019,2.0,4.0
1020,2.0,4.0
1021,0.0,0.0
1022,0.0,0.0
1023,2.0,3.0
1024,0.0,0.0
1025,5.0,3.4
1026,0.0,0.0
1027,0.0,4.0
1028,0.0,0.0
1029,0.0,0.0
1030,0.0,0.0
1031,0.0,0.0
1032,0.0,4.0
1033,2.0,4.0
1034,0.0,0.0
1035,1.0,4.0
1036,4.0,4.0
1037,0.0,4.0
1038,0.0,0.0
1039,1.0,4.0
1040,0.0,0.0
1041,0.0,0.0
1042,2.0,3.5
1043,0.0,0.0
1044,0.0,0.0
1045,0.0,0.0
1046,0.0,0.0
1047,0.0,0.0
1048,0.0,0.0
1049,0.0,0.0
1050,0.0,0.0
1051,0.0,0.0
1052,0.0,0.0
1053,9.0,3.0
1054,0.0,0.0
1055,0.0,0.0
1056,0.0,4.0
1057,1.0,4.0
1058,5.0,3.4
1059,2.0,4.0
1060,0.0,0.0
1061,0.0,4.0
1062,0.0,0.0
1063,13.0,3.75
1064,9.0,3.5555555555555554
1065,0.0,1.0
1066,10.0,3.4545454545454546
1067,0.0,4.0
1068,2.0,4.0
1069,2.0,4.0
1070,3.0,3.25
1071,3.0,3.25
1072,6.0,4.0
1073,1.0,2.5
1074,1.0,4.0
1075,5.0,3.5
1076,3.0,3.6666666666666665
1077,6.0,3.4
1078,1.0,2.5
1079,7.0,3.5
1080,0.0,0.0
1081,2.0,4.0
1082,2.0,2.5
1083,1.0,2.5
1084,6.0,3.142857142857143
1085,0.0,0.0
1086,7.0,2.875
1087,2.0,3.0
1088,0.0,0.0
1089,8.0,3.25
1090,0.0,0.0
1091,0.0,0.0
1092,0.0,0.0
1093,0.0,0.0
1094,0.0,4.0
1095,0.0,4.0
1096,2.0,3.0
1097,1.0,1.0
1098,7.0,3.875
1099,6.0,4.0
1100,1.0,4.0
1101,3.0,3.25
1102,3.0,3.0
1103,0.0,0.0
1104,0.0,0.0
1105,0.0,4.0
1106,11.0,3.125
1107,0.0,1.0
1108,3.0,3.25
1109,2.0,4.0
1110,3.0,4.0
1111,5.0,3.8333333333333335
1112,3.0,3.0
1113,5.0,3.5
1114,0.0,0.0
1115,6.0,3.142857142857143
1116,1.0,4.0
1117,4.0,2.5
1118,16.0,3.357142857142857
1119,8.0,3.5555555555555554
1120,19.0,3.4444444444444446
1121,4.0,3.6
1122,4.0,3.8
1123,15.0,3.6666666666666665
1124,3.0,3.75
1125,4.0,2.8
1126,1.0,4.0
1127,6.0,3.857142857142857
1128,3.0,4.0
1129,3.0,4.0
1130,7.0,4.0
1131,0.0,4.0
1132,10.0,3.090909090909091
1133,5.0,3.6666666666666665
1134,1.0,4.0
1135,1.0,4.0
1136,8.0,3.25
1137,5.0,2.8
1138,12.0,3.25
1139,0.0,4.0
1140,0.0,1.0
1141,6.0,4.0
1142,7.0,4.0
1143,6.0,3.5
1144,3.0,3.0
1145,0.0,1.0
1146,2.0,4.0
1147,0.0,0.0
1148,8.0,3.5714285714285716
1149,0.0,0.0
1150,1.0,4.0
1151,6.0,3.142857142857143
1152,1.0,4.0
1153,3.0,3.25
1154,17.0,3.933333333333333
1155,0.0,4.0
1156,0.0,4.0
1157,8.0,3.5555555555555554
1158,0.0,0.0
1159,4.0,3.4
1160,10.0,3.1818181818181817
1161,1.0,1.0
1162,4.0,3.75
1163,6.0,2.8333333333333335
1164,12.0,3.5384615384615383
1165,14.0,2.9285714285714284
1166,1.0,4.0
1167,7.0,3.625
1168,24.0,3.347826086956522
1169,18.0,3.4705882352941178
1170,7.0,4.0
1171,0.0,1.0
1172,11.0,3.5
1173,22.0,3.5238095238095237
1174,3.0,4.0
1175,0.0,4.0
1176,2.0,3.0
1177,6.0,4.0
1178,2.0,4.0
1179,5.0,3.5
1180,5.0,3.4
1181,1.0,4.0
1182,8.0,4.0
1183,3.0,2.5
1184,0.0,1.0
1185,0.0,0.0
1186,1.0,4.0
1187,8.0,3.5714285714285716
1188,4.0,2.8
1189,7.0,2.875
1190,6.0,3.5
1191,4.0,3.25
1192,0.0,4.0
1193,2.0,4.0
1194,0.0,0.0
1195,4.0,3.25
1196,4.0,4.0
1197,4.0,4.0
1198,0.0,4.0
1199,4.0,4.0
1200,0.0,0.0
1201,1.0,4.0
1202,3.0,3.25
1203,7.0,3.625
1204,4.0,4.0
1205,2.0,2.5
1206,3.0,4.0
1207,0.0,0.0
1208,7.0,2.2857142857142856
1209,7.0,3.5714285714285716
1210,7.0,2.2857142857142856
1211,4.0,3.4
1212,0.0,0.0
1213,0.0,0.0
1214,4.0,2.8
1215,3.0,4.0
1216,7.0,3.5
1217,0.0,1.0
1218,1.0,4.0
1219,3.0,2.5
1220,5.0,3.5
1221,1.0,4.0
1222,2.0,3.0
1223,8.0,3.6666666666666665
1224,1.0,2.5
1225,2.0,2.0
1226,4.0,3.4
1227,2.0,3.0
1228,0.0,4.0
1229,6.0,3.142857142857143
1230,2.0,3.0
1231,0.0,4.0
1232,3.0,4.0
1233,23.0,3.4347826086956523
1234,11.0,3.4545454545454546
1235,4.0,3.4
1236,5.0,2.5
1237,0.0,4.0
1238,1.0,3.5
1239,2.0,4.0
1240,8.0,3.5714285714285716
1241,0.0,1.0
1242,0.0,0.0
1243,2.0,2.5
1244,0.0,0.0
1245,2.0,3.6666666666666665
1246,4.0,4.0
1247,0.0,0.0
1248,0.0,0.0
1249,4.0,3.25
1250,0.0,1.0
1251,1.0,4.0
1252,0.0,0.0
1253,0.0,4.0
1254,0.0,0.0
1255,2.0,2.5
1256,0.0,0.0
1257,0.0,0.0
1258,3.0,3.25
1259,0.0,0.0
1260,0.0,0.0
1261,1.0,3.5
1262,2.0,1.0
1263,0.0,0.0
1264,0.0,0.0
1265,0.0,4.0
1266,0.0,0.0
1267,7.0,2.2857142857142856
1268,0.0,0.0
1269,0.0,0.0
1270,0.0,0.0
1271,0.0,0.0
1272,5.0,3.2
1273,0.0,4.0
1274,4.0,3.8
1275,2.0,4.0
1276,0.0,0.0
1277,0.0,0.0
1278,0.0,0.0
1279,0.0,0.0
1280,0.0,0.0
1281,0.0,4.0
1282,2.0,3.6666666666666665
1283,0.0,0.0
1284,0.0,0.0
1285,1.0,4.0
1286,0.0,0.0
1287,3.0,2.5
1288,0.0,0.0
1289,0.0,0.0
1290,1.0,4.0
1291,0.0,4.0
1292,1.0,2.5
1293,0.0,4.0
1294,5.0,3.5
1295,6.0,3.8333333333333335
1296,1.0,0.0
1297,4.0,3.4
1298,0.0,0.0
1299,0.0,0.0
1300,0.0,4.0
1301,2.0,4.0
1302,5.0,4.0
1303,4.0,3.2
1304,0.0,0.0
1305,0.0,4.0
1306,3.0,4.0
1307,23.0,3.4347826086956523
1308,4.0,4.0
1309,12.0,3.25
1310,14.0,3.357142857142857
1311,5.0,3.4
1312,0.0,0.0
1313,0.0,0.0
1314,0.0,0.0
1315,0.0,0.0
1316,4.0,1.6
1317,0.0,4.0
1318,1.0,1.0
1319,0.0,4.0
1320,5.0,4.0
1321,0.0,4.0
1322,0.0,4.0
1323,1.0,4.0
1324,0.0,0.0
1325,4.0,4.0
1326,0.0,0.0
1327,0.0,0.0
1328,1.0,3.5
1329,0.0,0.0
1330,0.0,0.0
1331,0.0,4.0
1332,0.0,0.0
1333,0.0,0.0
1334,0.0,0.0
1335,2.0,4.0
1336,2.0,3.0
1337,1.0,4.0
1338,0.0,0.0
1339,0.0,0.0
1340,0.0,1.0
1341,2.0,3.6666666666666665
1342,0.0,0.0
1343,13.0,3.909090909090909
1344,3.0,3.75
1345,3.0,3.75
1346,6.0,3.0
1347,0.0,4.0
1348,2.0,4.0
1349,1.0,2.5
1350,1.0,4.0
1351,0.0,0.0
1352,3.0,4.0
1353,0.0,0.0
1354,0.0,4.0
1355,6.0,2.8333333333333335
1356,0.0,0.0
1357,0.0,1.0
1358,0.0,0.0
1359,2.0,3.0
1360,0.0,0.0
1361,9.0,3.7
1362,3.0,4.0
1363,0.0,0.0
1364,0.0,0.0
1365,0.0,0.0
1366,0.0,0.0
1367,0.0,0.0
1368,0.0,0.0
1369,0.0,0.0
1370,3.0,3.0
1371,4.0,2.8
1372,1.0,4.0
1373,0.0,4.0
1374,0.0,4.0
1375,5.0,4.0
1376,0.0,4.0
1377,0.0,0.0
1378,3.0,3.6666666666666665
1379,3.0,3.75
1380,1.0,4.0
1381,0.0,0.0
1382,1.0,4.0
1383,1.0,4.0
1384,0.0,1.0
1385,4.0,2.8
1386,7.0,2.875
1387,3.0,3.0
1388,0.0,1.0
1389,4.0,4.0
1390,1.0,4.0
1391,2.0,3.0
1392,7.0,3.625
1393,0.0,4.0
1394,2.0,3.0
1395,1.0,4.0
1396,7.0,3.5714285714285716
1397,4.0,3.75
1398,3.0,3.25
1399,2.0,3.0
1400,4.0,2.8
1401,7.0,3.625
1402,0.0,4.0
1403,1.0,2.5
1404,5.0,3.5
1405,7.0,4.0
1406,0.0,1.0
1407,2.0,4.0
1408,6.0,4.0
1409,2.0,3.0
1410,22.0,3.5238095238095237
1411,15.0,3.4
1412,0.0,4.0
1413,8.0,2.875
1414,13.0,4.0
1415,14.0,4.0
1416,1.0,4.0
1417,3.0,3.25
1418,3.0,3.0
1419,0.0,0.0
1420,0.0,0.0
1421,0.0,4.0
1422,3.0,4.0
1423,5.0,3.8333333333333335
1424,3.0,3.0
1425,0.0,0.0
1426,0.0,4.0
1427,0.0,0.0
1428,0.0,4.0
1429,2.0,2.6666666666666665
1430,3.0,3.75
1431,4.0,2.5
1432,16.0,3.357142857142857
1433,8.0,3.5555555555555554
1434,1.0,2.5
1435,6.0,3.0
1436,0.0,0.0
1437,1.0,4.0
1438,1.0,4.0
1439,5.0,3.5
1440,7.0,3.625
1441,5.0,3.3333333333333335
1442,1.0,4.0
1443,0.0,1.0
1444,0.0,4.0
1445,0.0,0.0
1446,0.0,0.0
1447,0.0,4.0
1448,3.0,3.0
1449,2.0,2.5
1450,7.0,3.5714285714285716
1451,2.0,4.0
1452,2.0,4.0
1453,4.0,4.0
1454,1.0,4.0
1455,2.0,4.0
1456,0.0,4.0
1457,9.0,3.3333333333333335
1458,0.0,4.0
1459,4.0,3.4
1460,3.0,2.5
1461,2.0,4.0
1462,0.0,1.0
1463,3.0,3.25
1464,1.0,2.5
1465,0.0,0.0
1466,7.0,2.8333333333333335
1467,2.0,2.0
1468,0.0,0.0
1469,0.0,0.0
1470,0.0,0.0
1471,12.0,3.7
1472,0.0,0.0
1473,7.0,3.857142857142857
1474,0.0,4.0
1475,0.0,0.0
1476,0.0,0.0
1477,5.0,3.5
1478,9.0,3.5555555555555554
1479,6.0,3.5714285714285716
1480,11.0,2.75
1481,0.0,4.0
1482,0.0,0.0
1483,5.0,3.4
1484,15.0,3.6
1485,11.0,3.272727272727273
1486,0.0,0.0
1487,0.0,0.0
1488,0.0,0.0
1489,0.0,0.0
1490,0.0,0.0
1491,0.0,0.0
1492,0.0,0.0
1493,0.0,0.0
1494,0.0,0.0
1495,0.0,0.0
1496,9.0,3.0
1497,0.0,0.0
1498,0.0,0.0
1499,0.0,4.0
1500,1.0,4.0
1501,5.0,3.4
1502,0.0,4.0
1503,2.0,4.0
1504,0.0,0.0
1505,0.0,4.0
1506,0.0,0.0
1507,0.0,0.0
1508,0.0,0.0
1509,1.0,4.0
1510,0.0,4.0
1511,0.0,0.0
1512,0.0,4.0
1513,0.0,4.0
1514,2.0,3.0
1515,3.0,4.0
1516,1.0,2.5
1517,0.0,0.0
1518,0.0,0.0
1519,1.0,4.0
1520,0.0,4.0
1521,0.0,4.0
1522,1.0,2.5
1523,0.0,0.0
1524,3.0,2.25
1525,0.0,0.0
1526,1.0,4.0
1527,1.0,4.0
1528,0.0,4.0
1529,7.0,3.5714285714285716
1530,1.0,3.5
1531,2.0,4.0
1532,0.0,4.0
1533,2.0,4.0
1534,0.0,4.0
1535,0.0,0.0
1536,7.0,3.5714285714285716
1537,0.0,0.0
1538,0.0,0.0
1539,0.0,0.0
1540,0.0,0.0
1541,0.0,4.0
1542,2.0,4.0
1543,0.0,0.0
1544,2.0,4.0
1545,2.0,2.6666666666666665
1546,5.0,4.0
1547,0.0,4.0
1548,0.0,0.0
1549,0.0,0.0
1550,1.0,3.5
1551,5.0,3.0
1552,10.0,3.727272727272727
1553,5.0,3.5
1554,3.0,3.25
1555,4.0,2.8
1556,3.0,4.0
1557,0.0,4.0
1558,7.0,2.8333333333333335
1559,5.0,3.0
1560,0.0,1.0
1561,11.0,3.0
1562,1.0,4.0
1563,0.0,0.0
1564,7.0,3.6666666666666665
1565,0.0,0.0
1566,0.0,0.0
1567,0.0,0.0
1568,1.0,4.0
1569,4.0,4.0
1570,7.0,3.857142857142857
1571,0.0,0.0
1572,5.0,3.3333333333333335
1573,0.0,4.0
1574,0.0,0.0
1575,1.0,4.0
1576,2.0,2.5
1577,0.0,0.0
1578,2.0,2.5
1579,1.0,3.5
1580,0.0,0.0
1581,0.0,0.0
1582,6.0,3.5714285714285716
1583,11.0,2.75
1584,0.0,0.0
1585,0.0,4.0
1586,0.0,0.0
1587,0.0,0.0
1588,2.0,3.0
1589,0.0,0.0
1590,0.0,0.0
1591,0.0,0.0
1592,7.0,3.5
1593,0.0,0.0
1594,0.0,0.0
1595,0.0,0.0
1596,15.0,3.6
1597,11.0,3.272727272727273
1598,0.0,0.0
1599,0.0,0.0
1600,2.0,4.0
1601,1.0,4.0
1602,0.0,0.0
1603,4.0,3.75
1604,0.0,0.0
1605,0.0,4.0
1606,0.0,0.0
1607,0.0,0.0
1608,0.0,4.0
1609,9.0,3.7
1610,1.0,2.5
1611,2.0,3.5
1612,0.0,0.0
1613,0.0,0.0
1614,0.0,4.0
1615,1.0,2.5
1616,0.0,0.0
1617,2.0,3.0
1618,1.0,2.5
1619,0.0,0.0
1620,0.0,0.0
1621,5.0,4.0
1622,4.0,3.25
1623,0.0,0.0
1624,1.0,0.0
1625,0.0,0.0
1626,12.0,3.923076923076923
1627,0.0,4.0
1628,0.0,0.0
1629,2.0,4.0
1630,4.0,3.4
1631,1.0,2.5
1632,4.0,4.0
1633,8.0,4.0
1634,2.0,3.0
1635,0.0,0.0
1636,2.0,4.0
1637,11.0,3.25
1638,0.0,0.0
1639,0.0,4.0
1640,0.0,4.0
1641,1.0,4.0
1642,0.0,0.0
1643,0.0,0.0
1644,0.0,0.0
1645,0.0,0.0
1646,0.0,0.0
1647,0.0,4.0
1648,0.0,4.0
1649,6.0,3.0
1650,0.0,0.0
1651,0.0,0.0
1652,0.0,0.0
1653,0.0,0.0
1654,0.0,4.0
1655,0.0,0.0
1656,1.0,4.0
1657,0.0,0.0
1658,1.0,2.5
1659,5.0,3.4
1660,1.0,4.0
1661,0.0,0.0
1662,0.0,0.0
1663,0.0,0.0
1664,0.0,0.0
1665,8.0,3.5555555555555554
1666,5.0,3.3333333333333335
1667,6.0,2.8333333333333335
1668,12.0,3.5384615384615383
1669,2.0,2.5
1670,1.0,1.0
1671,4.0,4.0
1672,24.0,3.347826086956522
1673,18.0,3.4705882352941178
1674,9.0,3.3333333333333335
1675,1.0,4.0
1676,9.0,3.5
1677,13.0,3.5
1678,2.0,4.0
1679,11.0,3.5
1680,1.0,2.5
1681,0.0,0.0
1682,10.0,3.4545454545454546
1683,6.0,2.8
1684,1.0,4.0
1685,4.0,4.0
1686,12.0,3.7
1687,0.0,0.0
1688,6.0,3.142857142857143
1689,9.0,2.2
1690,1.0,4.0
1691,0.0,0.0
1692,5.0,3.5
1693,9.0,3.5555555555555554
1694,9.0,3.4
1695,16.0,3.4705882352941178
1696,4.0,2.5
1697,1.0,4.0
1698,0.0,0.0
1699,5.0,3.4
1700,8.0,3.5
1701,4.0,3.4
1702,19.0,3.5
1703,5.0,3.5
1704,11.0,3.272727272727273
1705,5.0,3.4
1706,0.0,4.0
1707,5.0,4.0
1708,12.0,3.5384615384615383
1709,5.0,3.5
1710,1.0,3.5
1711,6.0,3.0
1712,28.0,3.3703703703703702
1713,5.0,3.5
1714,6.0,4.0
1715,2.0,3.0
1716,0.0,4.0
1717,6.0,3.142857142857143
1718,2.0,3.0
1719,0.0,4.0
1720,3.0,4.0
1721,23.0,3.4347826086956523
1722,8.0,2.875
1723,1.0,4.0
1724,2.0,3.6666666666666665
1725,6.0,4.0
1726,1.0,4.0
1727,11.0,3.4545454545454546
1728,4.0,1.6
1729,14.0,4.0
1730,7.0,2.5
1731,0.0,0.0
1732,7.0,3.5
1733,7.0,3.25
1734,0.0,4.0
1735,0.0,0.0
1736,4.0,4.0
1737,5.0,3.4
1738,0.0,4.0
1739,15.0,3.0714285714285716
1740,12.0,3.272727272727273
1741,0.0,4.0
1742,2.0,4.0
1743,2.0,2.0
1744,0.0,0.0
1745,5.0,3.0
1746,4.0,4.0
1747,6.0,3.5
1748,0.0,0.0
1749,2.0,2.0
1750,1.0,3.5
1751,0.0,0.0
1752,0.0,0.0
1753,13.0,3.909090909090909
1754,16.0,3.2
1755,2.0,3.0
1756,9.0,3.25
1757,7.0,3.625
1758,1.0,4.0
1759,8.0,3.2222222222222223
1760,7.0,4.0
1761,3.0,4.0
1762,8.0,3.0
1763,3.0,3.0
1764,5.0,3.8
1765,0.0,4.0
1766,1.0,4.0
1767,7.0,3.5
1768,8.0,2.6666666666666665
1769,2.0,4.0
1770,9.0,3.7
1771,8.0,3.6666666666666665
1772,0.0,4.0
1773,0.0,4.0
1774,2.0,3.0
1775,0.0,4.0
1776,2.0,4.0
1777,9.0,3.4
1778,14.0,3.7857142857142856
1779,5.0,2.2
1780,3.0,4.0
1781,2.0,0.0
1782,2.0,4.0
1783,9.0,4.0
1784,6.0,3.5714285714285716
1785,14.0,3.5714285714285716
1786,0.0,4.0
1787,6.0,3.0
1788,0.0,4.0
1789,9.0,4.0
1790,11.0,3.5
1791,22.0,3.5238095238095237
1792,15.0,3.4
1793,4.0,4.0
1794,5.0,3.4
1795,14.0,3.9166666666666665
1796,13.0,4.0
1797,14.0,4.0
1798,0.0,0.0
1799,3.0,3.25
1800,1.0,4.0
1801,3.0,3.25
1802,5.0,3.4
1803,4.0,2.5
1804,1.0,4.0
1805,0.0,4.0
1806,2.0,4.0
1807,3.0,4.0
1808,5.0,3.0
1809,5.0,3.5
1810,2.0,3.0
1811,3.0,3.75
1812,3.0,2.5
1813,16.0,3.4705882352941178
1814,16.0,3.2
1815,5.0,3.5
1816,0.0,4.0
1817,3.0,3.75
1818,9.0,3.5
1819,6.0,3.2857142857142856
1820,8.0,3.0
1821,5.0,3.5
1822,6.0,3.7142857142857144
1823,5.0,3.25
1824,2.0,2.0
1825,16.0,3.4705882352941178
1826,16.0,3.2
1827,3.0,3.75
1828,9.0,3.5
1829,6.0,3.2857142857142856
1830,8.0,3.0
1831,3.0,3.0
1832,28.0,3.3703703703703702
1833,5.0,3.5
1834,6.0,3.7142857142857144
1835,5.0,3.25
1836,2.0,2.0
1837,12.0,2.923076923076923
1838,17.0,3.6470588235294117
1839,8.0,3.6666666666666665
1840,0.0,4.0
1841,3.0,4.0
1842,3.0,3.25
1843,6.0,2.2857142857142856
1844,3.0,4.0
1845,4.0,4.0
1846,13.0,3.5
1847,13.0,3.0714285714285716
1848,0.0,0.0
1849,5.0,2.2
1850,6.0,2.8
1851,0.0,4.0
1852,1.0,2.5
1853,0.0,0.0
1854,3.0,4.0
1855,8.0,3.625
1856,4.0,4.0
1857,10.0,4.0
1858,0.0,4.0
1859,0.0,4.0
1860,3.0,3.0
1861,5.0,4.0
1862,6.0,3.8333333333333335
1863,2.0,4.0
1864,9.0,3.6
1865,3.0,4.0
1866,0.0,0.0
1867,8.0,3.625
1868,1.0,4.0
1869,3.0,4.0
1870,9.0,4.0
1871,2.0,4.0
1872,1.0,1.0
1873,3.0,4.0
1874,9.0,3.6
1875,4.0,4.0
1876,3.0,3.75
1877,8.0,3.75
1878,4.0,2.8
1879,7.0,4.0
1880,1.0,4.0
1881,3.0,3.0
1882,0.0,4.0
1883,4.0,3.2
1884,3.0,3.0
1885,5.0,4.0
1886,6.0,3.857142857142857
1887,1.0,4.0
1888,2.0,2.6666666666666665
1889,11.0,3.1818181818181817
1890,1.0,4.0
1891,0.0,4.0
1892,0.0,4.0
1893,14.0,3.8
1894,2.0,4.0
1895,3.0,3.25
1896,1.0,1.0
1897,1.0,4.0
1898,0.0,4.0
1899,1.0,4.0
1900,3.0,4.0
1901,0.0,3.0
1902,0.0,0.0
1903,1.0,4.0
1904,7.0,3.4
1905,8.0,2.875
1906,1.0,3.5
1907,10.0,3.5555555555555554
1908,0.0,3.0
1909,4.0,3.8
1910,1.0,4.0
1911,5.0,3.8333333333333335
1912,10.0,3.6666666666666665
1913,2.0,4.0
1914,1.0,4.0
1915,1.0,4.0
1916,3.0,3.0
1917,1.0,4.0
1918,0.0,0.0
1919,4.0,3.0
1920,0.0,0.0
1921,15.0,3.6
1922,11.0,3.272727272727273
1923,5.0,3.4
1924,0.0,4.0
1925,1.0,2.5
1926,2.0,3.5
1927,2.0,4.0
1928,1.0,3.5
1929,6.0,3.0
1930,28.0,3.3703703703703702
1931,4.0,3.25
1932,0.0,0.0
1933,4.0,2.5
1934,4.0,3.25
1935,7.0,4.0
1936,2.0,3.5
1937,3.0,4.0
1938,8.0,4.0
1939,2.0,3.0
1940,1.0,3.0
1941,0.0,4.0
1942,4.0,4.0
1943,7.0,2.375
1944,6.0,2.8
1945,0.0,0.0
1946,0.0,0.0
1947,1.0,4.0
1948,2.0,4.0
1949,0.0,0.0
1950,3.0,4.0
1951,1.0,2.5
1952,3.0,3.0
1953,5.0,4.0
1954,0.0,0.0
1955,0.0,0.0
1956,0.0,0.0
1957,1.0,4.0
1958,0.0,0.0
1959,4.0,3.8
1960,4.0,4.0
1961,0.0,4.0
1962,2.0,4.0
1963,0.0,0.0
1964,1.0,4.0
1965,0.0,0.0
1966,2.0,4.0
1967,0.0,0.0
1968,0.0,0.0
1969,3.0,3.25
1970,0.0,0.0
1971,1.0,4.0
1972,3.0,3.0
1973,5.0,3.4
1974,1.0,4.0
1975,0.0,0.0
1976,0.0,0.0
1977,3.0,2.5
1978,0.0,0.0
1979,0.0,4.0
1980,2.0,4.0
1981,0.0,0.0
1982,3.0,2.5
1983,1.0,4.0
1984,0.0,4.0
1985,0.0,0.0
1986,0.0,0.0
1987,0.0,0.0
1988,0.0,0.0
1989,0.0,0.0
1990,0.0,4.0
1991,3.0,3.6666666666666665
1992,0.0,4.0
1993,1.0,4.0
1994,0.0,4.0
1995,0.0,4.0
1996,1.0,4.0
1997,0.0,0.0
1998,0.0,4.0
1999,3.0,3.25
2000,0.0,0.0
2001,0.0,0.0
2002,0.0,4.0
2003,12.0,3.5454545454545454
2004,0.0,4.0
2005,0.0,4.0
2006,1.0,2.5
2007,0.0,4.0
2008,1.0,3.5
2009,0.0,0.0
2010,0.0,0.0
2011,0.0,0.0
2012,0.0,0.0
2013,1.0,3.0
2014,0.0,0.0
2015,2.0,4.0
2016,1.0,4.0
2017,0.0,0.0
2018,3.0,3.25
2019,5.0,3.8333333333333335
2020,0.0,0.0
2021,0.0,0.0
2022,1.0,4.0
2023,0.0,0.0
2024,0.0,0.0
2025,2.0,3.5
2026,2.0,4.0
2027,0.0,0.0
2028,0.0,4.0
2029,1.0,4.0
2030,3.0,3.0
2031,0.0,0.0
2032,0.0,4.0
2033,2.0,3.0
2034,0.0,1.0
2035,5.0,4.0
2036,0.0,0.0
2037,0.0,0.0
2038,0.0,0.0
2039,4.0,4.0
2040,4.0,3.0
2041,0.0,0.0
2042,1.0,4.0
2043,4.0,2.6
2044,2.0,2.5
2045,2.0,4.0
2046,0.0,4.0
2047,0.0,0.0
2048,0.0,4.0
2049,2.0,4.0
2050,0.0,2.0
2051,0.0,0.0
2052,0.0,0.0
2053,0.0,0.0
2054,6.0,3.5714285714285716
2055,0.0,4.0
2056,0.0,0.0
2057,1.0,4.0
2058,2.0,4.0
2059,8.0,3.5
2060,1.0,4.0
2061,0.0,0.0
2062,0.0,0.0
2063,0.0,0.0
2064,1.0,4.0
2065,0.0,0.0
2066,0.0,0.0
2067,0.0,4.0
2068,1.0,4.0
2069,0.0,4.0
2070,0.0,0.0
2071,0.0,0.0
2072,0.0,0.0
2073,0.0,0.0
2074,0.0,1.0
2075,0.0,0.0
2076,0.0,0.0
2077,0.0,0.0
2078,0.0,0.0
2079,0.0,0.0
2080,0.0,4.0
2081,7.0,3.5714285714285716
2082,0.0,0.0
2083,4.0,3.75
2084,0.0,0.0
2085,0.0,0.0
2086,0.0,1.0
2087,0.0,0.0
2088,2.0,3.6666666666666665
2089,0.0,0.0
2090,0.0,0.0
2091,0.0,0.0
2092,0.0,4.0
2093,0.0,4.0
2094,6.0,3.5
2095,0.0,0.0
2096,0.0,0.0
2097,0.0,0.0
2098,0.0,0.0
2099,0.0,0.0
2100,0.0,0.0
2101,3.0,0.0
2102,2.0,0.0
2103,0.0,4.0
2104,2.0,4.0
2105,3.0,4.0
2106,0.0,4.0
2107,1.0,4.0
2108,1.0,4.0
2109,0.0,0.0
2110,0.0,0.0
2111,0.0,0.0
2112,0.0,0.0
2113,4.0,4.0
2114,0.0,0.0
2115,0.0,0.0
2116,0.0,0.0
2117,0.0,0.0
2118,0.0,4.0
2119,0.0,4.0
2120,0.0,0.0
2121,0.0,0.0
2122,0.0,0.0
2123,0.0,0.0
2124,0.0,0.0
2125,0.0,0.0
2126,0.0,0.0
2127,0.0,0.0
2128,0.0,0.0
2129,0.0,4.0
2130,0.0,0.0
2131,0.0,0.0
2132,1.0,3.5
2133,0.0,0.0
2134,0.0,0.0
2135,0.0,0.0
2136,0.0,0.0
2137,0.0,0.0
2138,0.0,0.0
2139,0.0,4.0
2140,0.0,0.0
2141,0.0,0.0
2142,0.0,0.0
2143,0.0,4.0
2144,0.0,0.0
2145,0.0,0.0
2146,0.0,0.0
2147,0.0,0.0
2148,0.0,4.0
2149,0.0,0.0
2150,3.0,3.0
2151,0.0,0.0
2152,2.0,0.0
2153,0.0,0.0
2154,0.0,0.0
2155,0.0,0.0
2156,0.0,0.0
2157,0.0,0.0
2158,0.0,0.0
2159,0.0,0.0
2160,0.0,0.0
2161,1.0,3.0
2162,0.0,0.0
2163,0.0,0.0
2164,0.0,0.0
2165,0.0,0.0
2166,0.0,0.0
2167,0.0,0.0
2168,0.0,0.0
2169,0.0,0.0
2170,0.0,0.0
2171,0.0,0.0
2172,5.0,3.0
2173,0.0,0.0
2174,1.0,0.0
2175,0.0,0.0
2176,0.0,0.0
2177,0.0,0.0
2178,0.0,0.0
2179,0.0,0.0
2180,0.0,0.0
2181,0.0,0.0
2182,0.0,0.0
2183,2.0,2.0
2184,0.0,0.0
2185,0.0,0.0
2186,0.0,0.0
2187,0.0,0.0
2188,0.0,0.0
2189,1.0,0.0
2190,0.0,0.0
2191,8.0,3.3333333333333335
2192,0.0,4.0
2193,0.0,1.0
2194,0.0,0.0
2195,2.0,3.0
2196,4.0,3.2
2197,0.0,4.0
2198,0.0,0.0
2199,0.0,0.0
2200,0.0,0.0
2201,1.0,0.0
2202,0.0,0.0
2203,0.0,0.0
2204,3.0,3.6666666666666665
2205,0.0,0.0
2206,0.0,0.0
2207,0.0,0.0
2208,1.0,2.5
2209,0.0,0.0
2210,2.0,3.3333333333333335
2211,6.0,3.5714285714285716
2212,0.0,0.0
2213,0.0,0.0
2214,0.0,0.0
2215,0.0,0.0
2216,0.0,0.0
2217,0.0,0.0
2218,0.0,0.0
2219,0.0,0.0
2220,0.0,0.0
2221,0.0,0.0
2222,0.0,0.0
2223,0.0,0.0
2224,0.0,0.0
2225,0.0,0.0
2226,0.0,0.0
2227,0.0,0.0
2228,2.0,4.0
2229,0.0,0.0
2230,0.0,0.0
2231,0.0,0.0
2232,0.0,0.0
2233,0.0,0.0
2234,0.0,0.0
2235,0.0,4.0
2236,0.0,0.0
2237,0.0,0.0
2238,0.0,0.0
2239,0.0,4.0
2240,0.0,4.0
2241,0.0,4.0
2242,0.0,0.0
2243,0.0,0.0
2244,0.0,0.0
2245,1.0,3.0
2246,0.0,4.0
2247,0.0,0.0
2248,0.0,4.0
2249,0.0,0.0
2250,0.0,0.0
2251,0.0,0.0
2252,1.0,4.0
2253,0.0,0.0
2254,0.0,0.0
2255,0.0,0.0
2256,0.0,0.0
2257,0.0,0.0
2258,0.0,0.0
2259,0.0,0.0
2260,0.0,4.0
2261,0.0,0.0
2262,0.0,0.0
2263,0.0,0.0
2264,0.0,0.0
2265,0.0,0.0
2266,0.0,0.0
2267,0.0,3.0
2268,0.0,0.0
2269,0.0,0.0
2270,0.0,0.0
2271,0.0,0.0
2272,0.0,0.0
2273,0.0,0.0
2274,0.0,0.0
2275,0.0,0.0
2276,0.0,0.0
2277,0.0,0.0
2278,0.0,0.0
2279,0.0,0.0
2280,0.0,0.0
2281,0.0,0.0
2282,0.0,0.0
2283,0.0,0.0
2284,0.0,0.0
2285,0.0,4.0
2286,0.0,0.0
2287,0.0,0.0
2288,0.0,0.0
2289,0.0,0.0
2290,0.0,0.0
2291,0.0,0.0
2292,0.0,0.0
2293,0.0,4.0
2294,0.0,0.0
2295,0.0,0.0
2296,0.0,0.0
2297,0.0,0.0
2298,2.0,4.0
2299,0.0,0.0
2300,0.0,0.0
2301,0.0,0.0
2302,0.0,0.0
2303,0.0,0.0
2304,0.0,0.0
2305,0.0,0.0
2306,0.0,0.0
2307,0.0,0.0
2308,0.0,0.0
2309,0.0,0.0
2310,0.0,0.0
2311,9.0,3.7
2312,3.0,4.0
2313,0.0,0.0
2314,2.0,4.0
2315,9.0,3.4
2316,14.0,3.7857142857142856
2317,3.0,2.75
2318,3.0,3.0
2319,4.0,2.8
2320,1.0,4.0
2321,0.0,4.0
2322,0.0,4.0
2323,5.0,4.0
2324,0.0,4.0
2325,2.0,4.0
2326,9.0,4.0
2327,6.0,3.5714285714285716
2328,14.0,3.5714285714285716
2329,8.0,3.125
2330,2.0,3.0
2331,5.0,2.3333333333333335
2332,0.0,4.0
2333,0.0,0.0
2334,3.0,3.6666666666666665
2335,3.0,3.75
2336,1.0,4.0
2337,0.0,0.0
2338,6.0,3.0
2339,0.0,4.0
2340,0.0,4.0
2341,5.0,4.0
2342,6.0,3.5714285714285716
2343,2.0,2.5
2344,1.0,2.5
2345,6.0,3.0
2346,4.0,3.0
2347,1.0,2.5
2348,0.0,0.0
2349,2.0,4.0
2350,2.0,3.0
2351,0.0,0.0
2352,9.0,4.0
2353,0.0,4.0
2354,3.0,2.5
2355,0.0,0.0
2356,1.0,4.0
2357,0.0,0.0
2358,7.0,4.0
2359,0.0,0.0
2360,0.0,1.0
2361,7.0,2.5
2362,2.0,3.0
2363,0.0,0.0
2364,0.0,0.0
2365,0.0,4.0
2366,0.0,0.0
2367,2.0,4.0
2368,2.0,3.0
2369,3.0,3.75
2370,0.0,0.0
2371,3.0,4.0
2372,0.0,0.0
2373,2.0,4.0
2374,6.0,4.0
2375,3.0,3.25
2376,3.0,4.0
2377,2.0,4.0
2378,2.0,4.0
2379,3.0,1.75
2380,0.0,0.0
2381,0.0,0.0
2382,1.0,4.0
2383,2.0,4.0
2384,0.0,0.0
2385,0.0,0.0
2386,0.0,0.0
2387,2.0,4.0
2388,3.0,4.0
2389,1.0,4.0
2390,2.0,2.0
2391,0.0,4.0
2392,3.0,2.5
2393,0.0,0.0
2394,0.0,0.0
2395,0.0,0.0
2396,0.0,0.0
2397,7.0,3.25
2398,0.0,4.0
2399,0.0,0.0
2400,0.0,3.0
2401,2.0,2.6666666666666665
2402,1.0,2.5
2403,0.0,0.0
2404,0.0,1.0
2405,2.0,4.0
2406,0.0,0.0
2407,1.0,2.5
2408,6.0,4.0
2409,2.0,4.0
2410,0.0,0.0
2411,0.0,4.0
2412,0.0,4.0
2413,0.0,0.0
2414,3.0,3.25
2415,7.0,4.0
2416,0.0,0.0
2417,0.0,3.0
2418,0.0,4.0
2419,0.0,0.0
2420,1.0,2.0
2421,0.0,0.0
2422,0.0,4.0
2423,3.0,4.0
2424,0.0,0.0
2425,0.0,1.0
2426,0.0,0.0
2427,0.0,0.0
2428,0.0,0.0
2429,0.0,0.0
2430,0.0,0.0
2431,4.0,3.4
2432,0.0,0.0
2433,0.0,0.0
2434,0.0,0.0
2435,0.0,0.0
2436,0.0,0.0
2437,0.0,0.0
2438,1.0,4.0
2439,0.0,3.0
2440,0.0,0.0
2441,0.0,0.0
2442,0.0,4.0
2443,1.0,4.0
2444,6.0,3.5
2445,0.0,0.0
2446,0.0,0.0
2447,1.0,2.5
2448,0.0,0.0
2449,0.0,0.0
2450,0.0,0.0
2451,0.0,0.0
2452,0.0,0.0
2453,0.0,4.0
2454,0.0,0.0
2455,1.0,4.0
2456,2.0,3.0
2457,1.0,4.0
2458,0.0,0.0
2459,0.0,0.0
2460,0.0,0.0
2461,0.0,4.0
2462,1.0,4.0
2463,0.0,0.0
2464,0.0,4.0
2465,0.0,4.0
2466,0.0,0.0
2467,0.0,0.0
2468,0.0,0.0
2469,0.0,4.0
2470,1.0,4.0
2471,5.0,4.0
2472,2.0,4.0
2473,2.0,4.0
2474,0.0,4.0
2475,0.0,0.0
2476,2.0,4.0
2477,0.0,0.0
2478,0.0,0.0
2479,0.0,0.0
2480,9.0,4.0
2481,7.0,4.0
2482,1.0,4.0
2483,2.0,4.0
2484,2.0,2.6666666666666665
2485,11.0,3.1818181818181817
2486,1.0,4.0
2487,0.0,0.0
2488,1.0,4.0
2489,1.0,4.0
2490,0.0,4.0
2491,7.0,3.875
2492,1.0,4.0
2493,0.0,0.0
2494,7.0,3.25
2495,1.0,4.0
2496,7.0,3.4
2497,8.0,2.875
2498,0.0,4.0
2499,4.0,3.75
2500,3.0,4.0
2501,0.0,1.0
2502,0.0,4.0
2503,0.0,4.0
2504,1.0,4.0
2505,0.0,0.0
2506,0.0,0.0
2507,5.0,4.0
2508,0.0,1.0
2509,3.0,4.0
2510,0.0,0.0
2511,5.0,3.5
2512,0.0,1.0
2513,1.0,4.0
2514,1.0,4.0
2515,0.0,0.0
2516,0.0,0.0
2517,0.0,0.0
2518,2.0,4.0
2519,0.0,0.0
2520,2.0,4.0
2521,2.0,3.6666666666666665
2522,0.0,1.0
2523,1.0,4.0
2524,1.0,4.0
2525,0.0,0.0
2526,0.0,0.0
2527,0.0,4.0
2528,0.0,0.0
2529,0.0,0.0
2530,3.0,1.0
2531,2.0,4.0
2532,1.0,4.0
2533,0.0,1.0
2534,0.0,4.0
2535,0.0,0.0
2536,4.0,3.0
2537,0.0,0.0
2538,5.0,3.0
2539,0.0,4.0
2540,0.0,0.0
2541,0.0,4.0
2542,0.0,4.0
2543,1.0,4.0
2544,4.0,3.2
2545,0.0,0.0
2546,0.0,0.0
2547,0.0,1.0
2548,0.0,0.0
2549,0.0,4.0
2550,2.0,4.0
2551,0.0,2.0
2552,0.0,3.0
2553,0.0,4.0
2554,0.0,0.0
2555,7.0,4.0
2556,0.0,4.0
2557,0.0,0.0
2558,0.0,4.0
2559,0.0,0.0
2560,0.0,3.0
2561,0.0,0.0
2562,0.0,0.0
2563,0.0,4.0
2564,1.0,4.0
2565,1.0,4.0
2566,2.0,4.0
2567,11.0,3.3636363636363638
2568,1.0,4.0
2569,2.0,3.6666666666666665
2570,1.0,4.0
2571,0.0,0.0
2572,0.0,0.0
2573,0.0,1.0
2574,0.0,0.0
2575,0.0,0.0
2576,3.0,3.25
2577,0.0,0.0
2578,2.0,4.0
2579,0.0,4.0
2580,0.0,0.0
2581,0.0,0.0
2582,0.0,0.0
2583,1.0,4.0
2584,0.0,4.0
2585,1.0,4.0
2586,0.0,0.0
2587,1.0,4.0
2588,4.0,4.0
2589,0.0,0.0
2590,2.0,4.0
2591,0.0,0.0
2592,0.0,0.0
2593,0.0,0.0
2594,2.0,4.0
2595,4.0,3.75
2596,3.0,2.5
2597,3.0,4.0
2598,2.0,4.0
2599,2.0,4.0
2600,0.0,0.0
2601,0.0,0.0
2602,5.0,3.25
2603,3.0,4.0
2604,0.0,0.0
2605,0.0,0.0
2606,0.0,4.0
2607,0.0,4.0
2608,0.0,0.0
2609,0.0,0.0
2610,6.0,3.5
2611,0.0,0.0
2612,2.0,3.0
2613,0.0,0.0
2614,2.0,3.0
2615,0.0,0.0
2616,0.0,0.0
2617,0.0,0.0
2618,0.0,0.0
2619,0.0,4.0
2620,0.0,0.0
2621,0.0,0.0
2622,0.0,0.0
2623,0.0,0.0
2624,2.0,0.0
2625,2.0,0.0
2626,0.0,4.0
2627,0.0,3.0
2628,0.0,0.0
